{"yesbuy": [54.0, 54.0, 54.0, 54.0, 57.0, 57.0, 57.0, 57.0, 57.0, 57.0, 57.0, 57.0, 57.0, 57.0, 57.0, 57.0, 57.0, 57.0, 57.0, 57.0, 57.0, 57.0, 57.0, 57.0, 57.0, 57.0, 57.0, 57.0, 57.0, 57.0, 57.0, 57.0, 57.0, 57.0, 46.5, 46.5, 46.5, 35.0, 35.0, 35.0, 35.0, 35.0, 35.0, 35.0, 35.0, 35.0, 35.0, 35.0, 35.0, 27.0, 27.0, 27.0, 27.0, 27.0, 20.0, 20.0, 20.0, 14.0, 22.0, 16.0, 16.0, 16.0, 16.0, 16.0, 16.0, 20.0, 20.0, 12.0, 19.0, 11.0, 12.0, 12.153846153846153, 12.153846153846153, 12.153846153846153, 12.153846153846153, 12.153846153846153, 12.153846153846153, 12.153846153846153, 12.153846153846153, 12.153846153846153], "nobuy": [56.0, 56.0, 56.0, 56.0, 56.0, 56.0, 56.0, 56.0, 56.0, 56.0, 56.0, 56.0, 56.0, 56.0, 56.0, 56.0, 56.0, 56.0, 56.0, 56.0, 56.0, 56.0, 56.0, 56.0, 56.0, 56.0, 56.0, 56.0, 56.0, 56.0, 56.0, 56.0, 56.0, 56.0, 56.0, 56.0, 56.0, 56.0, 56.0, 56.0, 56.0, 56.0, 56.0, 56.0, 56.0, 56.0, 56.0, 56.0, 56.0, 50.0, 50.0, 50.0, 50.0, 50.0, 50.0, 50.0, 50.0, 50.0, 50.0, 50.0, 50.0, 50.0, 50.0, 50.0, 50.0, 50.0, 50.0, 50.0, 50.0, 50.0, 50.0, 50.0, 50.0, 50.0, 50.0, 50.0, 50.0, 43.92307692307692, 43.92307692307692, 43.92307692307692, 43.92307692307692, 43.92307692307692, 43.92307692307692, 43.92307692307692, 45.319526627218934, 45.319526627218934, 45.319526627218934, 45.319526627218934, 46.21025641025641, 46.21025641025641, 46.21025641025641, 40.0, 40.785714285714285, 40.785714285714285, 40.785714285714285, 40.785714285714285, 40.785714285714285, 40.785714285714285, 40.785714285714285, 40.785714285714285, 40.785714285714285, 40.785714285714285, 40.785714285714285, 40.785714285714285, 40.785714285714285, 40.785714285714285, 40.785714285714285, 40.785714285714285, 40.785714285714285, 41.06666666666667, 41.06666666666667, 41.06666666666667, 41.06666666666667, 41.06666666666667, 41.06666666666667, 41.06666666666667, 41.06666666666667, 41.06666666666667, 41.06666666666667, 41.06666666666667, 41.06666666666667, 41.06666666666667, 41.06666666666667, 41.06666666666667, 41.06666666666667, 41.06666666666667, 41.06666666666667, 41.06666666666667, 41.06666666666667, 41.06666666666667, 45.3939393939394, 45.3939393939394, 72.0, 73.0, 73.0, 73.0, 73.0, 80.0, 87.0, 90.0, 69.0]}