{"yesbuy": [32.0, 32.0, 32.0, 32.0, 32.0, 32.0, 32.0, 32.0, 38.0, 49.0, 64.0, 73.0, 63.0, 35.0, 35.0, 35.0, 32.0, 32.0, 32.0, 32.0, 40.0, 40.5, 40.5, 40.5, 40.5, 40.5, 40.5, 40.5, 40.5, 40.5, 40.5, 40.5, 40.5, 40.5, 40.5, 40.5, 40.5, 11.0, 28.0, 28.0, 28.0, 28.0, 28.0, 28.0, 28.0, 28.0], "nobuy": [53.0, 54.0, 54.0, 52.30769230769231, 52.30769230769231, 52.3076923076923, 52.59615384615384, 52.59615384615384, 52.59615384615384, 52.59615384615384, 55.0, 56.0, 57.0, 55.0, 55.0, 55.0, 55.0, 55.0, 55.0, 55.0, 54.46666666666667, 54.46666666666667, 54.46666666666667, 54.46666666666667, 54.46666666666667, 54.46666666666667, 54.46666666666667, 54.46666666666667, 54.46666666666667, 54.46666666666667, 54.46666666666667, 54.46666666666667, 54.46666666666667, 54.46666666666667, 54.46666666666667, 54.46666666666667, 54.46666666666667, 54.46666666666667, 54.46666666666667, 54.46666666666667, 54.46666666666667, 54.46666666666667, 49.0, 49.333333333333336, 49.333333333333336, 49.333333333333336, 49.333333333333336, 49.333333333333336, 49.333333333333336, 49.333333333333336, 49.333333333333336, 49.333333333333336, 49.333333333333336, 64.0, 89.0, 90.0, 90.0, 89.0]}