{"yesbuy": [78.0, 83.0, 83.0, 83.0, 81.0, 82.0, 82.0, 82.0, 82.0, 81.66666666666667, 81.66666666666667, 81.66666666666667, 81.4, 81.4, 81.4, 81.4, 81.4, 81.4, 81.26666666666667, 81.26666666666667, 81.26666666666667, 81.26666666666667, 81.26666666666667, 81.26666666666667, 81.16, 81.11428571428571, 81.11428571428571, 81.11428571428571, 81.11428571428571, 81.11428571428571, 81.11428571428571, 81.11428571428571, 81.0, 81.0, 82.0, 83.0, 83.0, 83.0, 83.0, 83.0, 83.0, 83.0, 83.0, 83.0, 82.66666666666667, 81.0, 81.0, 81.0, 81.0, 81.0, 81.0, 81.0, 81.0, 81.0, 81.0, 81.0, 81.0, 81.0, 81.0, 81.0, 84.0, 84.0, 84.0, 84.0, 84.0, 87.0, 87.0], "nobuy": [13.0, 13.0, 13.0, 13.0, 13.0, 12.0, 18.0, 16.0, 17.0, 19.0, 27.0, 29.0, 20.846153846153847, 21.093406593406595, 21.093406593406595, 21.093406593406595, 21.093406593406595, 28.0, 29.0, 30.0, 31.0, 18.0, 18.0, 18.0, 19.5, 20.0, 20.0, 20.0, 20.0, 20.0, 20.0, 20.0, 20.0, 20.0, 29.0, 33.0, 41.0, 35.0, 37.0, 37.0, 20.0, 30.0, 32.0, 27.0, 27.25, 23.083333333333332, 23.083333333333332, 23.083333333333332, 27.0, 27.88888888888889, 24.733333333333334, 24.733333333333334, 24.733333333333334, 24.733333333333334, 24.733333333333334]}