{"yesbuy": [20.0, 20.0, 20.0, 20.0, 20.0, 20.0, 20.0, 20.0, 20.0, 20.0, 20.0, 20.0, 20.0, 20.0, 22.0, 49.0, 50.0, 59.0, 59.916666666666664, 41.0, 41.0, 41.0, 42.0, 39.0, 39.0, 39.0, 39.0, 39.0, 39.0, 39.0, 39.0, 39.0, 39.0, 39.0, 39.0, 39.0, 39.0, 39.0, 39.0, 39.0, 39.0, 39.0, 39.0, 39.0, 39.0, 39.0, 39.0, 39.0, 39.0, 39.0, 39.0, 39.0, 39.0], "nobuy": [75.0, 78.0, 78.0, 77.72727272727273, 77.72727272727273, 77.41818181818184, 82.0, 84.0, 84.0, 84.0, 84.0, 84.0, 81.0, 80.88888888888889, 80.74074074074075, 80.74074074074075, 80.74074074074075, 80.74074074074075, 80.74074074074075, 80.0, 80.0, 80.0, 80.0, 80.0, 80.0, 80.0, 80.0, 80.0, 80.0, 80.0, 80.0, 80.0, 80.0, 80.0, 80.0, 80.0, 80.0, 80.0, 80.0, 80.0, 80.0, 80.0, 80.0, 80.0, 80.0, 80.0, 80.0, 80.0, 80.0, 80.0, 80.0, 80.0, 80.0, 80.0, 80.0, 80.0, 80.0, 80.0, 80.0, 80.0, 80.0, 80.0, 80.0, 80.0, 80.0, 80.0, 80.0, 80.0, 80.0, 80.0, 80.0, 80.0, 80.0, 80.0, 79.86666666666666, 79.86666666666666, 79.86666666666666, 79.86666666666666, 79.86666666666666, 79.86666666666666, 79.86666666666666, 79.86666666666666, 79.86666666666666, 79.86666666666666, 79.86666666666666, 79.86666666666666, 79.86666666666666, 79.86666666666666, 79.86666666666666, 79.86666666666666, 65.0, 65.0, 65.0, 65.0, 80.0, 80.0, 80.0, 79.6, 79.6, 79.6, 79.6, 79.6, 79.6, 79.6, 79.39999999999999, 79.3, 79.24, 79.24, 79.24, 79.24, 79.24, 79.16, 79.16, 79.16, 79.16, 79.16, 89.0, 89.0, 89.0, 89.0, 91.0, 91.0, 90.0, 91.0, 91.0, 91.0, 91.0, 91.0, 91.0, 91.0, 91.0, 91.0, 91.0, 91.0, 91.0]}