{"yesbuy": [60.0, 61.0, 65.0, 65.0, 65.0, 65.0, 73.0, 73.0, 73.0, 73.0, 72.46153846153847, 72.46153846153847, 72.46153846153847, 72.46153846153847, 72.46153846153847, 72.46153846153847, 72.46153846153847, 72.46153846153847, 72.46153846153847, 72.46153846153847, 72.46153846153847, 72.46153846153847, 72.46153846153847, 72.46153846153847, 73.0, 73.125, 73.125, 73.125, 73.125, 73.125, 73.125, 73.125, 73.125, 73.125, 73.125, 73.125, 73.125, 73.125, 73.125, 73.125, 73.125, 73.125, 73.125, 73.125, 73.125, 73.125, 73.125, 73.125, 73.125, 73.125, 73.125, 73.125, 73.125, 73.125, 73.125, 73.125, 73.125, 73.125, 73.125, 73.125, 90.0, 91.0, 91.0, 91.0, 91.0, 17.0, 24.0, 24.0, 24.0, 24.0, 24.0, 24.0, 24.0, 24.0, 14.0, 15.0, 15.0, 14.0, 14.0, 14.0, 14.0], "nobuy": [21.0, 22.0, 23.0, 24.0, 25.0, 26.0, 27.0, 34.0, 30.0, 26.0, 26.0, 18.0, 18.0, 18.0, 13.0, 13.0, 13.0, 13.0, 13.0, 13.0, 13.0, 13.0, 29.0, 30.0, 30.0, 30.0, 30.0, 31.0, 32.0, 32.0, 25.0, 39.0, 52.0, 44.0, 45.0, 37.0, 38.0, 47.0, 48.0, 49.0, 58.0, 42.0, 44.0, 45.0, 85.0, 70.0, 77.0]}