{"yesbuy": [78.0, 78.0, 78.0, 78.0, 78.0, 85.0, 85.0, 85.0, 86.0, 86.0, 86.0, 86.0, 86.0, 85.0, 85.0, 85.0, 84.5, 84.5, 84.5, 84.5, 84.5, 84.5, 84.5, 84.5, 84.5, 84.2, 84.2, 84.2, 84.06666666666666, 84.06666666666666, 84.06666666666666, 84.06666666666666, 84.06666666666666, 84.06666666666666, 84.06666666666666, 84.06666666666666, 84.06666666666666, 84.06666666666666, 84.06666666666666, 84.06666666666666, 84.06666666666666, 84.06666666666666, 84.06666666666666, 84.06666666666666, 84.06666666666666, 84.06666666666666, 84.06666666666666, 84.06666666666666, 84.06666666666666, 84.06666666666666, 84.06666666666666, 84.06666666666666, 84.06666666666666, 84.06666666666666, 84.06666666666666, 84.06666666666666], "nobuy": [29.0, 29.0, 29.0, 29.0, 29.0, 29.0, 29.0, 29.0, 29.0, 29.0, 29.0, 29.0, 29.0, 29.0, 29.0, 29.0, 29.0, 29.0, 29.0, 29.0, 29.0, 29.0, 29.0, 29.0, 29.0, 29.0, 29.0, 29.0, 29.0, 29.0, 29.0, 29.0, 29.0, 29.0, 29.0, 29.0, 29.0, 29.0, 24.0, 24.0, 24.0, 24.0, 25.666666666666668, 26.5, 27.333333333333332, 27.75, 27.88888888888889, 27.88888888888889, 28.285714285714285, 28.333333333333332, 28.333333333333332, 28.333333333333332, 28.333333333333332, 28.333333333333332, 28.333333333333332, 28.333333333333332, 28.333333333333332, 28.333333333333332, 28.333333333333332, 28.333333333333332, 28.333333333333332, 28.333333333333332, 28.333333333333332, 28.333333333333332, 28.333333333333332, 28.333333333333332, 28.333333333333332, 28.333333333333332, 28.333333333333332, 28.333333333333332, 28.333333333333332, 28.333333333333332, 28.333333333333332, 28.333333333333332, 28.333333333333332, 28.333333333333332, 28.333333333333332, 28.333333333333332, 11.0, 12.0, 11.0, 11.0, 11.0, 11.0, 11.0, 11.0, 14.857142857142858, 14.857142857142858, 14.857142857142858, 15.0, 15.0, 15.0, 15.0, 15.0, 15.0, 15.0, 15.0, 15.0, 15.0, 15.0, 15.0, 15.0, 15.0, 15.0, 15.0, 15.0, 15.0, 15.0, 15.0, 15.0, 15.0, 15.0, 15.0, 15.0, 15.0, 15.0, 15.0, 15.0, 15.0, 15.0, 15.0, 15.0, 15.0, 15.0, 15.0, 15.0, 15.0, 15.0, 15.0, 15.0, 15.0, 15.0, 15.0, 15.0, 15.0, 15.0, 15.0, 15.0, 15.0, 15.0, 15.0, 15.0, 15.0, 15.0, 15.0, 15.0, 15.0, 15.0, 15.0, 15.0, 15.0, 15.0, 15.0, 15.0, 15.0, 15.0, 15.0, 15.0, 15.0, 15.0, 15.0, 15.0, 15.0, 15.0, 15.0, 15.0, 15.0, 15.0, 15.0, 15.0, 15.0, 15.0, 15.0, 15.0, 15.0, 15.0, 15.0, 15.0, 15.0, 15.0, 15.0, 15.0, 15.0, 15.0, 15.0, 15.0]}