{"yesbuy": [70.0, 71.0, 71.0, 71.0, 71.0, 71.0, 71.0, 71.0, 71.0, 71.0, 71.0, 71.0, 71.0, 71.0, 71.0, 71.0, 71.0, 71.0, 71.0, 71.0, 71.0, 71.0, 71.0, 71.0, 71.0, 71.0, 71.0, 71.0, 71.0, 71.0, 71.0, 71.0, 71.0, 71.0, 71.0, 71.0, 81.0, 81.0, 81.0, 81.0, 81.0, 89.0], "nobuy": [40.0, 40.0, 40.0, 40.0, 40.0, 40.0, 40.0, 40.0, 40.0, 40.0, 40.0, 40.0, 40.0, 40.0, 40.0, 40.0, 40.0, 40.0, 40.0, 40.0, 40.0, 40.0, 40.0, 39.57142857142857, 39.5, 39.5, 39.5, 39.5, 39.5, 39.5, 39.5, 39.44444444444444, 39.5, 39.5, 39.5, 39.5, 39.5, 39.54545454545455, 39.54545454545455, 39.586776859504134, 39.586776859504134, 39.621212121212125, 39.65034965034965, 39.71590909090909, 39.71590909090909, 42.0, 43.0, 43.0, 43.0, 43.0, 43.0, 40.69230769230769, 40.5, 40.4, 40.4, 40.4, 40.4, 40.4, 40.4, 40.4, 40.4, 40.4, 40.4, 40.4, 40.4, 40.4, 40.4, 40.4, 40.4, 40.4, 40.4, 40.4, 40.4, 40.4, 40.4, 40.4, 40.4, 40.4, 40.4, 40.4, 40.4, 40.4, 40.4, 40.4, 40.4, 40.4, 40.4, 40.4, 40.4, 40.4, 40.4, 40.4, 40.4, 40.4, 40.4, 39.1, 36.06666666666666, 36.06666666666666, 36.06666666666666, 36.06666666666666, 36.06666666666666, 36.06666666666666, 36.06666666666666, 36.06666666666666, 36.06666666666666, 36.06666666666666, 36.06666666666666, 36.06666666666666, 36.06666666666666, 36.06666666666666, 36.06666666666666, 36.06666666666666, 36.06666666666666, 36.06666666666666, 36.06666666666666, 36.06666666666666, 36.06666666666666, 36.06666666666666, 36.06666666666666, 36.06666666666666, 36.06666666666666, 36.06666666666666, 36.06666666666666, 36.06666666666666, 35.05333333333333, 35.05333333333333, 35.05333333333333, 35.05333333333333, 35.05333333333333, 35.05333333333333, 35.05333333333333, 35.05333333333333, 35.05333333333333, 35.05333333333333, 35.05333333333333, 35.05333333333333, 35.05333333333333, 35.05333333333333, 35.05333333333333, 35.05333333333333, 33.04622222222222, 33.04622222222222, 33.04622222222222, 33.04622222222222, 33.04622222222222, 33.04622222222222, 33.04622222222222, 33.04622222222222, 33.04622222222222, 33.04622222222222, 33.04622222222222, 33.04622222222222, 33.04622222222222, 33.04622222222222, 33.04622222222222]}