{"yesbuy": [35.0, 35.0, 35.0, 35.0, 33.0, 33.0, 33.0, 33.0, 33.0, 33.0, 33.0, 33.0, 33.0, 33.0, 33.0, 33.0, 33.0, 33.0, 33.0, 33.0, 33.0, 33.0, 33.0, 33.0, 33.0, 33.0, 33.0, 33.0, 33.0, 33.0, 33.0, 33.0, 33.0, 33.0, 33.0, 33.0, 33.0, 33.0, 33.0, 33.0, 33.0, 33.0, 33.0, 33.0, 33.0, 33.0, 33.0, 33.0, 33.0, 33.0, 33.0, 33.0, 33.0, 24.0, 24.0, 24.0, 24.0, 23.77777777777778, 23.77777777777778, 23.77777777777778, 23.066666666666666, 23.066666666666666, 23.066666666666666, 23.066666666666666, 23.066666666666666, 23.066666666666666, 23.066666666666666, 23.066666666666666, 23.066666666666666, 23.066666666666666, 23.066666666666666, 23.066666666666666, 23.066666666666666, 23.066666666666666, 23.066666666666666, 23.066666666666666, 23.066666666666666, 23.066666666666666, 23.066666666666666, 23.066666666666666, 23.066666666666666, 23.066666666666666, 23.066666666666666, 23.066666666666666, 23.066666666666666, 23.066666666666666, 23.066666666666666, 23.066666666666666, 23.066666666666666, 23.066666666666666, 23.066666666666666, 23.066666666666666, 23.066666666666666, 23.066666666666666, 23.066666666666666, 23.066666666666666, 23.066666666666666, 23.066666666666666, 23.066666666666666, 23.066666666666666, 23.066666666666666, 23.066666666666666, 23.066666666666666, 23.066666666666666, 23.066666666666666, 23.066666666666666, 23.066666666666666, 23.066666666666666, 23.066666666666666, 23.066666666666666, 23.066666666666666, 23.066666666666666, 23.066666666666666, 23.066666666666666, 23.066666666666666, 23.066666666666666, 23.066666666666666, 23.066666666666666, 23.066666666666666, 23.066666666666666, 23.066666666666666, 23.066666666666666, 23.066666666666666, 23.066666666666666, 23.066666666666666, 23.066666666666666, 23.066666666666666, 23.066666666666666, 23.066666666666666, 23.066666666666666, 23.066666666666666, 23.066666666666666, 23.066666666666666, 23.066666666666666, 23.066666666666666, 23.066666666666666, 23.066666666666666, 23.066666666666666, 23.066666666666666, 23.066666666666666, 23.066666666666666, 23.066666666666666, 23.066666666666666, 23.066666666666666, 23.066666666666666, 23.066666666666666, 23.066666666666666, 23.066666666666666, 23.066666666666666, 23.066666666666666, 23.066666666666666, 23.066666666666666, 23.066666666666666, 23.066666666666666, 23.066666666666666, 11.0, 11.0, 11.0, 11.0, 11.0, 11.0, 11.0, 11.0], "nobuy": [64.0, 65.0, 70.5, 70.5, 70.5, 70.5, 70.5, 70.5, 68.66666666666667, 68.66666666666667, 68.66666666666667, 68.66666666666667, 68.66666666666667, 68.66666666666667, 68.66666666666667, 68.66666666666667, 68.66666666666667, 68.66666666666667, 68.66666666666667, 68.66666666666667, 68.66666666666667, 68.66666666666667, 68.66666666666667, 68.66666666666667, 68.66666666666667, 68.66666666666667, 68.66666666666667, 68.66666666666667, 68.66666666666667, 68.66666666666667, 68.66666666666667, 68.66666666666667, 68.66666666666667, 68.66666666666667, 72.0, 73.0, 74.0, 72.0, 72.0, 72.0, 72.0, 72.0, 72.0, 71.6, 71.6, 71.6, 71.6, 71.37142857142857, 74.0, 74.0, 74.0, 74.0, 74.0, 74.0, 74.0, 74.0, 74.0, 74.0, 74.0, 74.0, 74.0, 74.0, 74.0, 72.88888888888889, 71.33333333333333, 71.33333333333333, 71.33333333333333, 71.33333333333333, 78.0, 77.0, 78.0, 79.0]}