{"yesbuy": [43.0, 43.0, 43.0, 43.0, 43.0, 43.0, 43.0, 43.0, 43.0, 43.0, 43.0, 43.0, 43.0, 43.0, 43.0, 43.0, 43.0, 43.0, 43.0, 43.0, 43.0, 43.0, 43.0, 43.0, 43.0, 43.0, 43.0, 43.0, 43.0, 43.0, 43.0, 43.0, 43.0, 43.0, 43.0, 43.0, 43.0, 43.0, 43.0, 43.0, 43.0, 43.0, 43.0, 43.0, 43.0, 43.0, 43.0, 43.0, 43.0, 43.0, 43.0, 43.0, 43.0, 43.0, 42.785714285714285, 42.785714285714285, 42.785714285714285, 42.785714285714285, 42.785714285714285, 42.6, 42.6, 42.6, 42.6, 42.6, 42.6, 42.60000000000001, 42.6, 44.0, 39.0, 43.0, 44.0, 45.0, 46.0, 47.333333333333336, 43.0, 45.0, 45.0, 45.0, 45.0, 45.0, 45.0, 45.0, 45.0, 44.333333333333336, 44.333333333333336, 44.333333333333336, 44.333333333333336, 44.333333333333336, 44.333333333333336, 44.333333333333336, 44.333333333333336, 44.333333333333336, 44.333333333333336, 44.0, 44.0, 43.5, 43.5, 43.5, 42.0, 42.0, 42.0, 42.0, 42.0, 42.0, 36.0, 36.0, 36.0, 36.0, 36.0, 36.0, 36.0, 36.0, 36.0, 36.0, 36.0, 36.0, 36.0, 36.0, 36.0, 36.0, 36.0, 36.0, 36.0, 55.0, 86.0], "nobuy": [63.0, 64.0, 64.0, 64.0, 64.0, 64.0, 64.0, 64.0, 64.0, 64.0, 64.0, 64.0, 64.0, 64.0, 64.0, 64.0, 64.0, 64.0, 64.0, 64.0, 64.0, 64.0, 64.0, 64.0, 64.0, 64.0, 64.0, 64.0, 64.0, 64.0, 64.0, 64.0, 64.0, 64.0, 64.0, 64.0, 64.0, 64.0, 64.0, 64.0, 64.0, 64.0, 64.0, 64.0, 64.0, 64.0, 64.0, 35.0, 35.0, 35.0, 27.0, 27.0, 26.0, 26.0, 41.0, 41.0, 26.0, 34.0, 35.0, 36.0, 35.46666666666667, 35.46666666666667, 35.46666666666667, 35.46666666666667, 35.46666666666667, 35.46666666666667, 12.0, 12.0, 12.0, 12.0]}