{"yesbuy": [85.0, 86.0, 86.0, 86.0, 86.0, 86.0, 86.0, 86.0, 86.0, 86.0, 86.0, 86.0, 86.0, 86.0, 86.0, 86.0, 86.0, 86.0, 86.0, 86.0, 86.0, 86.0, 86.0, 86.0, 86.0, 86.0, 86.0, 86.0, 86.0, 86.0, 86.0, 86.0, 86.0, 86.0, 86.0, 86.0, 86.0, 86.0, 86.0, 86.0, 86.0, 86.0, 86.0, 86.0, 86.0, 86.0, 86.0, 86.0, 86.0, 86.0, 86.0, 86.0, 86.0, 86.0, 86.0, 86.0, 86.0, 86.0, 86.0, 49.0, 40.0, 44.0, 63.0], "nobuy": [18.0, 18.0, 18.0, 18.0, 18.0, 18.0, 19.0, 19.0, 19.0, 19.0, 19.0, 19.0, 19.0, 19.0, 19.0, 19.0, 19.0, 18.333333333333332, 18.333333333333332, 23.0, 23.0, 23.0, 23.0, 23.0, 23.0, 23.0, 23.0, 23.0, 23.0, 23.0, 23.0, 26.0, 21.0, 21.0, 21.0, 23.0, 23.0, 28.0, 28.0, 28.0, 37.0, 22.0, 22.0, 25.0, 21.0, 21.0, 21.0, 28.0, 36.0, 32.0, 33.0, 32.42857142857143, 32.42857142857143, 30.0, 37.0, 38.0, 39.0, 30.0, 28.0, 28.0, 25.333333333333332, 25.333333333333332, 25.333333333333332, 25.333333333333332, 37.0, 39.0, 44.0, 45.0, 51.0, 50.0, 42.0, 38.0, 25.0, 25.0, 25.0, 25.0, 25.0, 25.0, 23.333333333333332, 20.75, 20.75, 14.0, 13.25, 13.25, 13.25, 13.25]}