{"yesbuy": [35.0, 35.0, 35.0, 35.0, 35.0, 35.0, 35.0, 35.0, 35.0, 16.0, 16.0, 16.0, 16.0, 16.0, 16.0, 16.0, 16.0, 16.0, 16.0, 16.0, 16.0, 16.0, 16.0, 16.0, 16.0, 16.0, 16.0, 16.0, 16.0, 16.0, 16.0, 17.0, 22.0, 22.0, 22.0, 36.0, 46.0, 37.0, 37.0, 39.0, 18.0, 18.0, 18.0, 30.0, 30.0, 38.0, 34.0, 47.0, 41.0, 40.0, 51.0, 28.0], "nobuy": [61.0, 62.0, 62.0, 61.0, 61.0, 61.0, 61.0, 61.0, 61.0, 61.0, 61.0, 69.0, 70.0, 84.0, 84.0, 84.0, 80.0, 80.0, 80.0, 71.33333333333333, 71.33333333333333, 61.0, 61.0, 32.0, 32.0, 32.0, 25.0, 29.0, 64.0]}