{"yesbuy": [74.0, 74.0, 74.0, 74.0, 74.0, 74.0, 74.0, 74.0, 74.0, 74.0, 74.0, 74.0, 74.0, 74.0, 74.0, 74.0, 74.0, 74.0, 74.0, 74.0, 74.0, 74.0, 74.0, 74.0, 74.0, 74.0, 74.0, 74.0, 74.0, 74.0, 74.0, 74.0, 74.0, 74.0, 74.0, 74.0, 74.0, 52.0, 52.0, 84.0, 84.0, 84.0, 90.0, 90.0, 90.0, 89.0, 89.0], "nobuy": [26.0, 26.0, 26.0, 26.0, 26.0, 31.0, 45.0, 38.0, 37.0, 38.0, 39.0, 40.0, 40.0, 31.0, 31.0, 31.0, 31.0, 31.0, 31.0, 31.0, 31.0, 33.0, 33.0, 31.333333333333332, 31.333333333333332, 31.333333333333332, 31.333333333333332, 31.333333333333332, 31.333333333333332, 31.333333333333332, 31.333333333333332, 31.333333333333332, 31.333333333333332, 31.333333333333332, 19.0, 13.0, 13.0, 13.0, 13.0]}