{"yesbuy": [27.0, 22.0], "nobuy": [63.0, 62.0, 42.0, 58.0, 59.0, 61.0, 64.0, 60.333333333333336, 59.8, 59.79999999999999, 83.0, 84.0]}