{"yesbuy": [64.0, 66.0, 61.0, 55.0, 75.0, 76.0, 51.0, 74.0, 79.0, 78.57142857142857, 69.0, 81.0, 82.0, 84.0, 53.0, 63.0, 28.0], "nobuy": [21.0, 25.0, 29.0, 30.0, 31.0, 32.0, 33.0, 23.0, 34.833333333333336, 41.0, 90.0]}